[
    {
        "do": {
	        "add_ios_system_framework": {
	            "framework": "CoreText.framework"
	        }
	    } 
	}, {
        "do": {
	        "add_ios_system_framework": {
	            "framework": "CoreTelephony.framework"
	        }
	    }
	}, {
        "do": {
	        "add_ios_system_framework": {
	            "framework": "CoreData.framework"
	        }
	    }
	}, {
        "do": {
	        "add_ios_system_framework": {
	            "framework": "QuartzCore.framework"
	        }
	    }
	}, {
        "do": {
	        "add_ios_system_framework": {
	            "framework": "StoreKit.framework"
	        }
	    }
    }
]